Company,Profile URL,Website,Country,State,City
247 Medical Billing Services,https://www.outsourceaccelerator.com/company/247-medical-billing-services/,https://www.247medicalbillingservices.com,United States,Delaware,Lewes
ADEC Innovations,,https://www.adec-innovations.com,United States,California,Irvine
Alvaria,https://www.outsourceaccelerator.com/company/alvaria/,https://www.alvaria.com,United States,Georgia,Atlanta
AmeriCall,https://clutch.co/profile/americall,https://americall.com,United States,Washington,Tacoma
American Customer Care,https://clutch.co/profile/acc,http://www.americancustomercare.com,United States,Connecticut,Bristol
Anchora,https://www.outsourceaccelerator.com/company/anchora/,https://anchora.com,United States,New Jersey,Woodbridge
Answer Carolina,https://clutch.co/profile/answer-carolina,https://answercarolina.com,United States,South Carolina,Columbia
Arise Virtual Solutions,https://clutch.co/profile/arise,https://www.arise.com,United States,Florida,Miramar
"Boldr, Inc.",https://clutch.co/profile/boldr,https://www.boldrimpact.com,United States,California,Long Beach
Buwelo,https://www.outsourceaccelerator.com/company/buwelo/,https://www.buwelo.com,United States,Nevada,Las Vegas
"Canon Business Process Services, Inc.",https://clutch.co/profile/canon-business-process-services,https://cbps.canon.com,United States,New York,New York
CBE Companies,https://clutch.co/profile/cbe-companies,https://cbecompanies.com,United States,Iowa,Cedar Falls
Clark Staff,https://www.outsourceaccelerator.com/company/clark-staff/,https://clarkstaff.com,United States,Florida,St. Petersburg
Clearsource Bpo,https://www.outsourceaccelerator.com/company/clearsource-bpo/,https://www.clearsourcebpo.com,United States,Utah,Sandy
Convergent,https://clutch.co/profile/convergent-healthcare,https://www.convergent.com,United States,Georgia,Atlanta
Cyberbacker,https://www.outsourceaccelerator.com/company/cyberbacker/,https://cyberbacker.com,United States,Utah,Ogden
"DATAMARK, Inc.",https://clutch.co/profile/datamark,https://datamark.net,United States,Texas,El Paso
DialAmerica,https://clutch.co/profile/dialamerica,https://dialamerica.com,United States,New Jersey,Mahwah
Direct Interactions,https://clutch.co/profile/direct-interactions,https://directinteractions.com,United States,Washington,Seattle
DME Service Solutions,https://clutch.co/profile/dme-service-solutions,https://dmeserve.com,United States,California,San Diego
Etech Global Services,https://clutch.co/profile/etech,https://www.etechgs.com,United States,Texas,Nacogdoches
Finthrive,https://www.outsourceaccelerator.com/company/nthrive-global-solutions-pvt-ltd-e4e-healthcare-business-services/,https://www.finthrive.com,United States,Texas,Plano
Focus Services El Salvador,https://www.outsourceaccelerator.com/company/focus-services-el-salvador/,https://focusservices.com,United States,Utah,Roy
Gc Services,https://www.outsourceaccelerator.com/company/gc-services/,https://www.gcserv.com/,United States,Texas,Houston
Global Contact Service International,https://clutch.co/profile/gcs-agents,https://gcsagents.com/,United States,North Carolina,Salisbury
Go Answer,https://clutch.co/profile/go-answer,https://www.goanswer.com,United States,New York,Garden City
Harte Hanks,https://clutch.co/profile/harte-hanks,https://hartehanks.com,United States,Massachusetts,Chelmsford
Helpware,https://clutch.co/profile/helpware-cx,https://helpware.com,United States,Kentucky,Lexington
Hugo Technologies Inc,https://www.outsourceaccelerator.com/company/hugo-technologies-inc/,https://hugoinc.com,United States,Illinois,Chicago
Ifive Global,https://www.outsourceaccelerator.com/company/ifive-global/,https://ifiveglobal.com,United States,California,Claremont
Imagenet Llc,https://www.outsourceaccelerator.com/company/imagenet-llc/,https://www.imagenetglobal.com,United States,Oklahoma,Oklahoma City
Infocision Management Corporation,https://www.outsourceaccelerator.com/company/infocision-management-corporation/,https://www.infocision.com,United States,Ohio,Akron
Integreon,https://clutch.co/profile/integreon,https://integreon.com,United States,North Carolina,Charlotte
Invensis Inc,https://www.outsourceaccelerator.com/company/invensis-inc/,https://www.invensis.net,United States,Delaware,Wilmington
Ion Bpo,https://www.outsourceaccelerator.com/company/ion-bpo/,https://ionbpo.com,United States,New Jersey,Jersey City
KMÂ² Solutions,https://www.outsourceaccelerator.com/company/km2-solutions/,https://km2solutions.com,United States,New York,New York
Liveops,https://clutch.co/profile/liveops,https://liveops.com,United States,Arizona,Scottsdale
Magic,https://www.outsourceaccelerator.com/company/magic/,https://getmagic.com,United States,California,San Francisco
MarketStar,https://clutch.co/profile/marketstar,https://www.marketstar.com,United States,Utah,Ogden
Momentum Worldwide,https://clutch.co/profile/momentum-worldwide,https://momentumww.com,United States,New York,New York
MyOutDesk,https://clutch.co/profile/myoutdesk,https://www.myoutdesk.com,United States,California,Sacramento
Netsmartz Llc,https://www.outsourceaccelerator.com/company/netsmartz-llc/,https://www.netsmartz.com,United States,New York,Rochester
NexRep,https://clutch.co/profile/nexrep,https://nexrep.com,United States,Maine,Portland
Office Beacon,https://www.outsourceaccelerator.com/company/office-beacon/,https://www.officebeacon.com,United States,California,Redondo Beach
Percepta,https://www.outsourceaccelerator.com/company/percepta/,https://www.percepta.com,United States,Michigan,Dearborn
Personiv,https://www.outsourceaccelerator.com/company/personiv/,https://www.personiv.com,United States,Texas,Austin
Quatrro Business Support Services,,https://www.quatrrobss.com,United States,Georgia,Marietta
Remote CoWorker Inc.,https://clutch.co/profile/remote-coworker,https://remotecoworker.com,United States,Florida,Pompano Beach
SupportNinja,https://clutch.co/profile/supportninja,https://supportninja.com,United States,Texas,Austin
SupportYourApp,https://clutch.co/profile/supportyourapp,https://supportyourapp.com,United States,Delaware,Wilmington
SupportZebra,https://clutch.co/profile/supportzebra,https://supportzebra.com,United States,Texas,Houston
The Functionary,https://www.outsourceaccelerator.com/company/the-functionary/,https://thefunctionary.com,United States,Texas,Frisco
The Office Gurus,https://www.outsourceaccelerator.com/company/the-office-gurus/,https://www.theofficegurus.com,United States,Florida,Seminole
Touchpoint Contact Centers Inc,https://www.outsourceaccelerator.com/company/touchpoint-contact-centers-inc/,https://touchpointcontactcenters.com,United States,Ohio,Mansfield
Triniter BPO,https://clutch.co/profile/triniter-bpo,https://triniter.com/,United States,Florida,Miami
UnifyCX,,https://www.unifycx.com,United States,Kentucky,Louisville
"Unity Communications, LLC",https://clutch.co/profile/unity-communications,https://unity-connect.com,United States,Arizona,Gilbert
Valor Global,https://www.outsourceaccelerator.com/company/valor-global/,https://valorglobal.com,United States,Arizona,Phoenix
Virtudesk,https://www.outsourceaccelerator.com/company/virtudesk/,https://www.myvirtudesk.com,United States,Washington,Bellevue
